City_ID,City,Lat,Lng,Max Temp,Humidity,Cloudiness,Wind Speed,Country,Date
0,vaini,-21.2,-175.2,301.24,83,75,4.63,TO,1669854542
1,new norfolk,-42.7826,147.0587,288.55,38,7,1.2,AU,1669854543
2,kaohsiung,22.6163,120.3133,295.39,73,40,3.6,TW,1669854543
3,puerto ayora,-0.7393,-90.3518,294.01,89,58,3.13,EC,1669854245
4,broome,42.2506,-75.833,276.87,74,100,7.72,US,1669854544
5,sambava,-14.2667,50.1667,295.35,91,10,2.3,MG,1669854545
6,leh,34.1667,77.5833,265.32,58,95,0.31,IN,1669854336
7,rikitea,-23.1203,-134.9692,296.0,71,82,5.76,PF,1669854364
8,aykhal,66.0,111.5,241.11,98,99,6.14,RU,1669854546
9,paamiut,61.994,-49.6678,269.46,85,100,19.95,GL,1669854547
10,thompson,55.7435,-97.8558,246.24,69,0,4.12,CA,1669854548
11,geraldton,-28.7667,114.6,294.38,64,100,5.14,AU,1669854548
12,macklin,52.3334,-109.9348,255.34,96,100,6.16,CA,1669854550
13,coihaique,-45.5752,-72.0662,284.12,50,0,2.06,CL,1669854552
14,qaanaaq,77.484,-69.3632,242.73,79,14,1.71,GL,1669854445
15,barrow,71.2906,-156.7887,271.16,93,100,4.12,US,1669854511
16,ushuaia,-54.8,-68.3,281.96,57,20,8.75,AR,1669854262
17,svetlaya,46.5389,138.3297,257.7,64,86,5.87,RU,1669854554
18,kaitangata,-46.2817,169.8464,285.73,74,44,5.18,NZ,1669854555
19,albany,42.6001,-73.9662,280.57,75,100,0.89,US,1669854549
20,marawi,7.9986,124.2928,296.05,84,64,0.99,PH,1669854556
21,butaritari,3.0707,172.7902,300.55,76,21,5.57,KI,1669854556
22,dublin,37.7021,-121.9358,287.98,55,0,4.12,US,1669854512
23,perambalur,11.2333,78.8833,294.63,92,56,2.34,IN,1669854557
24,del rio,29.3627,-100.8968,287.21,44,0,2.57,US,1669854558
25,kabare,-2.4683,28.8242,288.59,95,100,0.83,CD,1669854559
26,hualmay,-11.0964,-77.6139,292.78,83,80,3.19,PE,1669854560
27,lata,40.1629,-8.3327,283.75,93,100,1.99,PT,1669854560
28,longyearbyen,78.2186,15.6401,275.06,80,75,4.12,SJ,1669854561
29,kapaa,22.0752,-159.319,301.33,72,0,8.23,US,1669854368
30,lebu,-37.6167,-73.65,284.98,74,0,9.7,CL,1669854562
31,cidreira,-30.1811,-50.2056,294.59,93,99,7.06,BR,1669854562
32,bengkulu,-3.8004,102.2655,297.26,82,93,1.16,ID,1669854563
33,tual,-5.6667,132.75,301.22,72,100,8.07,ID,1669854563
34,gilleleje,56.122,12.3106,276.54,94,100,0.45,DK,1669854564
35,kruisfontein,-34.0033,24.7314,290.31,78,15,1.03,ZA,1669854564
36,arraial do cabo,-22.9661,-42.0278,296.13,83,100,6.17,BR,1669854357
37,guider,9.9342,13.9486,297.04,30,79,2.9,CM,1669854565
38,hobart,-42.8794,147.3294,288.74,55,75,5.14,AU,1669854513
39,cape town,-33.9258,18.4232,291.63,84,40,3.6,ZA,1669854566
40,sorland,67.667,12.6934,278.07,79,99,6.15,NO,1669854567
41,karlstad,59.3793,13.5036,274.46,100,100,2.57,SE,1669854493
42,northam,51.0333,-4.2167,278.37,86,48,2.81,GB,1669854294
43,yumen,40.2833,97.2,259.25,77,81,0.71,CN,1669854568
44,narsaq,60.9167,-46.05,271.27,91,84,2.23,GL,1669854361
45,port alfred,-33.5906,26.891,291.03,94,100,2.69,ZA,1669854556
46,punta arenas,-53.15,-70.9167,283.21,53,20,11.83,CL,1669854569
47,talara,-4.5772,-81.2719,294.57,83,40,5.14,PE,1669854571
48,barahona,18.2085,-71.1008,299.05,94,40,6.17,DO,1669854571
49,griffith,41.5284,-87.4237,270.11,62,0,11.32,US,1669854571
50,corn island,12.1694,-83.0418,300.63,77,99,7.38,NI,1669854572
51,carnarvon,-24.8667,113.6333,295.28,72,6,4.75,AU,1669854572
52,lanivtsi,49.8633,26.0908,271.03,92,97,2.37,UA,1669854573
53,tasiilaq,65.6145,-37.6368,276.24,94,100,10.52,GL,1669854573
54,provideniya,64.3833,-173.3,272.21,69,0,2.0,RU,1669854574
55,mozarlandia,-14.7447,-50.5706,295.84,90,68,3.88,BR,1669854574
56,vila velha,-20.3297,-40.2925,298.12,94,100,4.12,BR,1669854574
57,samarai,-10.6167,150.6667,302.69,69,99,3.45,PG,1669854575
58,saint-philippe,-21.3585,55.7679,295.92,78,25,3.59,RE,1669854436
59,nome,64.5011,-165.4064,271.19,80,20,9.77,US,1669854576
60,trelew,-43.249,-65.3051,290.74,44,15,8.8,AR,1669854576
61,faanui,-16.4833,-151.75,300.1,76,15,6.38,PF,1669854514
62,havre-saint-pierre,50.2334,-63.5986,273.15,86,100,6.69,CA,1669854577
63,moche,-8.1711,-79.0092,293.25,88,40,4.12,PE,1669854577
64,takoradi,4.8845,-1.7554,299.18,83,95,2.41,GH,1669854578
65,praia,14.9215,-23.5087,296.77,66,67,5.73,CV,1669854578
66,opuwo,-18.0607,13.84,295.3,47,28,2.05,NA,1669854579
67,stromness,58.965,-3.296,282.13,88,100,7.6,GB,1669854579
68,mocajuba,-2.5842,-49.5072,297.37,89,94,1.52,BR,1669854580
69,fortuna,40.5982,-124.1573,284.34,82,100,8.23,US,1669854450
70,zhicheng,30.2956,111.5047,273.34,79,100,1.24,CN,1669854580
71,ulagan,50.6321,87.9563,247.45,81,47,0.55,RU,1669854581
72,marienburg,54.0359,19.0266,275.84,83,100,2.46,PL,1669854581
73,bluff,-46.6,168.3333,283.6,63,81,8.58,NZ,1669854555
74,ostersund,63.1792,14.6357,272.4,100,100,1.03,SE,1669854582
75,antalaha,-14.9003,50.2788,294.44,90,6,1.99,MG,1669854583
76,san juan,-31.5375,-68.5364,296.26,41,66,5.82,AR,1669854583
77,lokosovo,61.1333,74.8167,245.04,99,27,0.45,RU,1669854584
78,kichmengskiy gorodok,59.9816,45.7854,259.41,98,65,0.91,RU,1669854584
79,upernavik,72.7868,-56.1549,259.5,91,100,8.47,GL,1669854585
80,buraydah,26.326,43.975,291.4,58,59,5.03,SA,1669854585
81,saumur,47.3333,-0.25,279.21,94,3,3.28,FR,1669854585
82,castro,-24.7911,-50.0119,289.3,97,92,2.19,BR,1669854586
83,bethel,41.3712,-73.414,285.61,69,100,6.17,US,1669854529
84,rafsanjan,30.4067,55.9939,284.65,37,91,1.22,IR,1669854587
85,itarema,-2.9248,-39.9167,299.43,74,88,5.64,BR,1669854587
86,saint-augustin,51.226,-58.6502,258.21,93,91,0.6,CA,1669854588
87,nenjiang,49.1833,125.2167,242.73,93,23,1.62,CN,1669854588
88,san cristobal,7.7669,-72.225,293.25,95,68,2.0,VE,1669854589
89,norman wells,65.282,-126.8329,250.17,77,100,1.03,CA,1669854589
90,emerald,-23.5333,148.1667,293.9,74,85,6.88,AU,1669854590
91,agirish,61.9247,63.0231,252.4,99,99,1.13,RU,1669854590
92,flinders,-34.5833,150.8552,294.92,64,100,1.79,AU,1669854590
93,hede,33.7681,120.2517,273.24,52,100,5.0,CN,1669854591
94,busselton,-33.65,115.3333,291.35,72,100,3.87,AU,1669854393
95,hasaki,35.7333,140.8333,283.37,74,100,9.17,JP,1669854439
96,itaituba,-4.2761,-55.9836,298.09,87,93,0.47,BR,1669854592
97,east london,-33.0153,27.9116,294.66,90,100,0.7,ZA,1669854482
98,champasak,14.75,106.0,297.64,91,67,0.34,LA,1669854593
99,airai,-8.9266,125.4092,292.99,77,98,0.59,TL,1669854548
100,yellowknife,62.456,-114.3525,245.68,76,40,2.06,CA,1669854593
101,palmas de monte alto,-14.2672,-43.1619,294.54,86,99,1.16,BR,1669854594
102,victoria,22.2855,114.1577,289.44,75,100,5.36,HK,1669854426
103,georgetown,5.4112,100.3354,299.95,91,20,2.06,MY,1669854595
104,horsham,51.064,-0.3272,280.36,93,61,2.57,GB,1669854595
105,kapit,2.0167,112.9333,297.65,94,99,0.38,MY,1669854595
106,mataura,-46.1927,168.8643,283.42,82,82,4.29,NZ,1669854370
107,esperance,-33.8667,121.9,297.01,47,10,7.4,AU,1669854596
108,cravo norte,6.3017,-70.2041,297.26,84,67,2.82,CO,1669854598
109,pingliang,35.5392,106.6861,265.55,29,89,0.47,CN,1669854598
110,ziarat,30.3823,67.7282,278.86,23,78,2.05,PK,1669854599
111,chuy,-33.6971,-53.4616,293.82,90,9,6.44,UY,1669854599
112,mongomo,1.6274,11.3135,293.04,98,92,0.14,GQ,1669854600
113,dikson,73.5069,80.5464,267.85,95,100,5.42,RU,1669854600
114,korla,41.7597,86.1469,263.05,21,0,2.06,CN,1669854601
115,yarada,17.65,83.2667,296.33,94,5,1.03,IN,1669854601
116,garowe,8.4054,48.4845,294.35,78,6,2.77,SO,1669854602
117,hilo,19.7297,-155.09,303.86,82,40,3.09,US,1669854596
118,saldanha,-33.0117,17.9442,290.18,92,100,3.37,ZA,1669854606
119,ribeira grande,38.5167,-28.7,289.69,79,12,2.68,PT,1669854568
120,torbay,47.6666,-52.7314,268.3,79,0,3.09,CA,1669854609
121,magdagachi,53.45,125.8,247.85,79,4,3.86,RU,1669854610
122,clyde river,70.4692,-68.5914,239.28,68,0,1.03,CA,1669854612
123,sitka,57.0531,-135.33,271.09,29,0,0.0,US,1669854613
124,bredasdorp,-34.5322,20.0403,290.1,83,92,1.35,ZA,1669854613
125,tuktoyaktuk,69.4541,-133.0374,257.15,85,100,4.63,CA,1669854614
126,avarua,-21.2078,-159.775,301.18,78,75,7.72,CK,1669854569
127,beyneu,45.3167,55.2,268.0,29,0,2.69,KZ,1669854615
128,abha,18.2164,42.5053,284.05,87,0,0.0,SA,1669854616
129,saint-leu,-21.15,55.2833,295.63,76,22,0.29,RE,1669854616
130,gornopravdinsk,60.05,69.9,248.28,96,94,1.43,RU,1669854617
131,puerto carreno,6.189,-67.4859,297.95,75,6,4.96,CO,1669854617
132,chokurdakh,70.6333,147.9167,254.85,96,100,4.11,RU,1669854618
133,tahlequah,35.9154,-94.97,275.95,55,0,0.0,US,1669854618
134,anadyr,64.75,177.4833,272.43,80,100,12.0,RU,1669854612
135,statesboro,32.4488,-81.7832,289.04,94,0,0.0,US,1669854620
136,kununurra,-15.7667,128.7333,305.14,37,76,2.57,AU,1669854620
137,erzin,36.9559,36.2,288.15,73,100,1.6,TR,1669854621
138,loreto,22.2667,-101.9667,289.36,68,92,11.02,MX,1669854621
139,pyinmana,19.7333,96.2167,296.66,81,69,0.54,MM,1669854622
140,kirkwall,58.9848,-2.9587,282.18,81,40,8.75,GB,1669854622
141,knyaze-volkonskoye,48.4642,135.4567,251.64,81,100,8.29,RU,1669854623
142,saskylakh,71.9167,114.0833,240.23,99,100,3.7,RU,1669854571
143,husavik,66.0449,-17.3389,278.47,89,51,4.86,IS,1669854623
144,khatanga,71.9667,102.5,240.86,95,100,3.38,RU,1669854624
145,hermanus,-34.4187,19.2345,288.6,81,100,0.72,ZA,1669854624
146,benghazi,32.1167,20.0667,290.97,65,27,7.99,LY,1669854625
147,keti bandar,24.1447,67.4497,293.7,24,3,4.63,PK,1669854626
148,salta,-24.7859,-65.4117,291.48,92,100,4.63,AR,1669854628
149,clarksdale,34.2001,-90.5709,278.1,65,40,2.06,US,1669854628
150,beisfjord,68.3751,17.5988,272.62,91,100,1.11,NO,1669854629
151,mitsamiouli,-11.3847,43.2844,298.51,75,3,2.03,KM,1669854629
152,myanaung,18.2833,95.3167,297.18,73,44,2.62,MM,1669854630
153,codrington,-38.2667,141.9667,289.66,70,90,5.19,AU,1669854630
154,arrecife,28.963,-13.5477,291.14,68,20,3.09,ES,1669854632
155,meulaboh,4.1363,96.1285,297.27,88,100,1.5,ID,1669854521
156,balkanabat,39.5108,54.3671,281.05,25,100,1.99,TM,1669854633
157,alta floresta,-9.8756,-56.0861,294.57,94,41,1.2,BR,1669854633
158,solton,52.8429,86.4787,248.13,99,6,1.43,RU,1669854634
159,baraboo,43.4711,-89.7443,267.23,74,40,7.72,US,1669854634
160,san jose,37.3394,-121.895,288.59,46,75,4.12,US,1669854621
161,urumqi,43.801,87.6005,252.68,78,0,1.0,CN,1669854121
162,gravelbourg,49.8834,-106.5512,259.3,84,100,6.49,CA,1669854635
163,kawalu,-7.3817,108.2082,297.42,84,100,0.94,ID,1669854635
164,lompoc,34.6391,-120.4579,288.58,78,100,3.09,US,1669854385
165,seoul,37.5683,126.9778,266.91,30,0,1.03,KR,1669853981
166,turayf,31.6725,38.6637,283.29,93,0,1.54,SA,1669854636
167,latehar,23.75,84.5,286.27,76,5,1.04,IN,1669854637
168,aksu,41.1231,80.2644,263.98,20,48,1.72,CN,1669854637
169,ndele,8.4109,20.6473,297.02,36,100,1.91,CF,1669854638
170,todos santos,23.45,-110.2167,296.73,79,1,2.73,MX,1669854638
171,alexandria,31.2156,29.9553,290.61,72,0,2.51,EG,1669854355
172,kavaratti,10.5669,72.642,300.69,71,100,1.51,IN,1669854639
173,saint george,37.1041,-113.5841,285.34,26,0,2.57,US,1669854599
174,hickory,35.7332,-81.3412,282.78,41,0,5.14,US,1669854640
175,nanakuli,21.3906,-158.1547,302.8,58,100,4.63,US,1669854640
176,atuona,-9.8,-139.0333,298.68,74,65,5.8,PF,1669854641
177,san rafael,-34.6177,-68.3301,295.83,31,68,6.56,AR,1669854641
178,panzhihua,26.5851,101.7128,285.89,71,0,0.53,CN,1669854642
179,hithadhoo,-0.6,73.0833,300.29,69,60,3.02,MV,1669854642
180,bambous virieux,-20.3428,57.7575,295.49,88,40,2.06,MU,1669854643
181,krasnoselkup,65.7,82.4667,254.83,96,100,4.51,RU,1669854643
182,port shepstone,-30.7414,30.455,293.26,84,100,9.01,ZA,1669854644
183,los llanos de aridane,28.6585,-17.9182,291.01,75,75,3.6,ES,1669854644
184,plettenberg bay,-34.0527,23.3716,290.63,80,6,1.83,ZA,1669854570
185,garmsar,35.2182,52.3409,283.41,51,27,0.29,IR,1669854645
186,sao joao da barra,-21.6403,-41.0511,297.2,92,100,7.2,BR,1669854518
187,esna,25.2934,32.554,291.0,39,0,3.18,EG,1669854645
188,ouesso,1.6136,16.0517,293.46,99,100,0.87,CG,1669854646
189,tuzla,44.5428,18.6694,277.13,100,100,1.03,BA,1669854646
190,navirai,-23.065,-54.1906,295.22,75,0,1.47,BR,1669854647
191,mar del plata,-38.0023,-57.5575,290.98,98,100,6.26,AR,1669854569
192,cherskiy,68.75,161.3,260.71,95,100,2.82,RU,1669854647
193,ihlow,51.8833,13.3333,273.23,100,100,2.57,DE,1669854648
194,inuvik,68.3499,-133.7218,256.57,85,100,2.57,CA,1669854648
195,minudasht,37.2289,55.3747,282.91,81,75,0.0,IR,1669854650
196,narrabri,-30.3167,149.7833,296.39,40,100,3.24,AU,1669854650
197,manavalakurichi,8.1333,77.3,297.37,76,90,1.69,IN,1669854651
198,huarmey,-10.0681,-78.1522,293.16,80,82,3.33,PE,1669854651
199,half moon bay,37.4636,-122.4286,287.82,63,100,5.14,US,1669854494
200,fonte boa,-2.4959,-66.2662,299.31,83,100,1.29,BR,1669854652
201,margate,51.3813,1.3862,282.42,88,55,0.89,GB,1669854652
202,talnakh,69.4865,88.3972,253.55,99,97,2.25,RU,1669854652
203,xining,36.6167,101.7667,263.37,44,100,0.97,CN,1669854653
204,grootfontein,-19.5667,18.1167,292.91,49,0,2.06,NA,1669854653
205,bereda,43.2686,-7.5406,280.6,100,67,2.03,ES,1669854654
206,grand gaube,-20.0064,57.6608,295.58,75,62,1.34,MU,1669854654
207,leningradskiy,69.3833,178.4167,261.88,91,100,3.88,RU,1669854655
208,isiro,2.7739,27.616,291.45,100,100,1.01,CD,1669854561
209,arcata,40.8665,-124.0828,284.49,84,100,7.72,US,1669854655
210,asyut,27.181,31.1837,288.85,48,0,1.43,EG,1669854656
211,inhambane,-23.865,35.3833,295.53,83,20,4.46,MZ,1669854656
212,nemuro,43.3236,145.575,271.65,52,43,9.49,JP,1669854656
213,hanna,51.6334,-111.9018,257.51,85,100,3.13,CA,1669854623
214,nyaunglebin,17.95,96.7333,297.37,85,69,1.29,MM,1669854658
215,misawa,40.6836,141.3597,272.37,61,100,6.69,JP,1669854659
216,frontera,26.9333,-101.45,288.01,55,40,3.6,MX,1669854661
217,nikolskoye,59.7035,30.7861,269.09,91,98,1.48,RU,1669854365
218,hailey,43.5196,-114.3153,269.71,87,100,1.54,US,1669854662
219,barcelos,41.5388,-8.6151,285.23,87,92,2.12,PT,1669854663
220,dmitriyevka,54.75,55.3333,258.9,99,100,1.33,RU,1669854665
221,college,64.8569,-147.8028,257.36,81,100,0.0,US,1669854368
222,kuytun,54.3419,101.5036,256.29,73,100,5.7,RU,1669854666
223,ahtopol,42.1,27.95,284.48,86,100,7.43,BG,1669854667
224,shihezi,44.3,86.0333,258.57,80,100,1.11,CN,1669854667
225,boali,4.8005,18.1275,294.39,97,100,1.16,CF,1669854668
226,port-gentil,-0.7193,8.7815,298.96,85,100,4.04,GA,1669854615
227,castanos,26.7833,-101.4167,286.92,50,40,3.6,MX,1669854668
228,poum,-20.2333,164.0167,300.86,82,99,6.75,NC,1669854670
229,port elizabeth,-33.918,25.5701,291.54,90,0,3.09,ZA,1669854671
230,sydney,-33.8679,151.2073,294.44,64,75,4.63,AU,1669854312
231,alekseyevsk,57.8406,108.3492,253.22,96,100,3.57,RU,1669854672
232,pierre,44.3683,-100.351,268.07,61,0,5.81,US,1669854513
233,kismayo,-0.3582,42.5454,299.11,78,93,6.16,SO,1669854673
234,corinto,37.9407,22.9573,286.42,95,100,1.63,GR,1669854674
235,acapulco,16.8634,-99.8901,301.05,74,40,2.06,MX,1669854141
236,aktash,50.3,87.7333,245.69,65,0,1.51,RU,1669854675
237,nizhneudinsk,54.9076,99.0276,258.5,58,100,6.73,RU,1669854676
238,alamos,27.0167,-108.9333,292.5,34,14,0.63,MX,1669854677
239,aripuana,-9.1667,-60.6333,296.87,87,46,1.13,BR,1669854678
240,jamestown,42.097,-79.2353,271.49,89,100,8.23,US,1669854506
241,zheshart,62.0731,49.5733,265.44,97,94,1.25,RU,1669854679
242,finschhafen,-6.6024,147.8681,302.8,70,100,0.98,PG,1669854680
243,ancud,-41.8697,-73.8203,282.16,73,6,2.25,CL,1669854681
244,severo-kurilsk,50.6789,156.125,272.04,77,100,9.78,RU,1669854682
245,tiksi,71.6872,128.8694,248.88,99,100,6.69,RU,1669854682
246,lagoa,39.05,-27.9833,289.59,76,0,2.65,PT,1669854683
247,tura,25.5198,90.2201,289.37,87,0,1.6,IN,1669854683
248,westport,41.1415,-73.3579,286.52,75,100,6.69,US,1669854684
249,dunedin,-45.8742,170.5036,287.48,67,100,0.45,NZ,1669854684
250,hofn,64.2539,-15.2082,281.71,97,100,6.59,IS,1669854685
251,chiltepec,18.4847,-96.9019,294.46,98,100,1.36,MX,1669854685
252,saint anthony,45.0205,-93.218,264.76,72,0,4.63,US,1669854686
253,constitucion,-35.3333,-72.4167,285.53,81,0,5.7,CL,1669854686
254,guerrero negro,27.9769,-114.0611,288.95,72,19,5.47,MX,1669854687
255,ormara,25.2088,64.6357,296.37,50,97,1.39,PK,1669854687
256,hobyo,5.3505,48.5268,299.02,80,88,4.99,SO,1669854688
257,pompeu,-19.2244,-44.9353,291.49,88,5,1.23,BR,1669854688
258,kristiinankaupunki,62.2743,21.376,272.99,90,97,3.69,FI,1669854689
259,canarana,-11.6847,-41.7689,293.98,87,85,0.36,BR,1669854689
260,maraa,-1.8333,-65.3667,296.8,95,80,1.27,BR,1669854690
261,virovitica,45.8319,17.3839,278.0,82,100,3.73,HR,1669854690
262,luderitz,-26.6481,15.1594,290.72,74,2,4.56,NA,1669854690
263,makakilo city,21.3469,-158.0858,302.01,64,100,4.63,US,1669854691
264,hays,30.0502,-98.0336,283.49,46,4,0.89,US,1669854692
265,tuatapere,-46.1333,167.6833,285.87,68,89,4.85,NZ,1669854692
266,ponta do sol,32.6667,-17.1,293.55,75,81,3.68,PT,1669854693
267,mahebourg,-20.4081,57.7,295.51,88,40,2.06,MU,1669854694
268,bubaque,11.2833,-15.8333,300.83,67,20,6.85,GW,1669854695
269,riachao,-7.3619,-46.6172,295.2,93,100,1.13,BR,1669854696
270,vila franca do campo,37.7167,-25.4333,288.81,84,47,1.96,PT,1669854437
271,melo,-32.3667,-54.1833,294.92,81,56,6.52,UY,1669854697
272,dongzhen,22.3797,110.9389,286.41,74,100,3.23,CN,1669854697
273,chiredzi,-21.05,31.6667,290.16,64,0,1.12,ZW,1669854698
274,matina,10.0761,-83.2895,296.08,97,100,1.94,CR,1669854698
275,manta,-0.95,-80.7333,296.03,78,75,5.14,EC,1669854699
276,dannenberg,53.0967,11.09,274.34,88,99,2.2,DE,1669854700
277,dover,39.1582,-75.5244,285.27,55,100,7.72,US,1669854626
278,katima mulilo,-17.5,24.2667,293.71,61,5,1.56,NA,1669854700
279,arkhara,49.4212,130.0842,245.23,93,9,1.77,RU,1669854701
280,adrar,20.5022,-10.0711,291.55,19,9,4.13,MR,1669854702
281,nanortalik,60.1432,-45.2371,270.61,77,77,14.7,GL,1669854703
282,kamaishi,39.2667,141.8833,277.65,49,100,1.66,JP,1669854704
283,souillac,-20.5167,57.5167,294.36,88,40,2.06,MU,1669854704
284,nyurba,63.2842,118.3319,240.46,99,100,1.55,RU,1669854705
285,morant bay,17.8815,-76.4093,302.94,83,8,5.01,JM,1669854706
286,rawson,-43.3002,-65.1023,288.58,58,0,9.1,AR,1669854707
287,polyanka,50.2584,27.6881,263.92,93,72,1.81,UA,1669854707
288,marquard,-28.6645,27.4305,290.45,52,100,1.48,ZA,1669854708
289,san patricio,28.017,-97.5169,289.17,56,2,4.97,US,1669854708
290,duleek,53.6567,-6.4192,283.61,89,100,3.06,IE,1669854709
291,lethem,3.3803,-59.7968,298.42,76,84,4.21,GY,1669854710
292,kaeo,-35.1,173.7833,295.55,68,83,5.3,NZ,1669854710
293,viedma,-40.8135,-62.9967,286.66,65,19,5.31,AR,1669854711
294,padang,-0.9492,100.3543,297.18,95,100,1.5,ID,1669854711
295,raga,8.4596,25.678,298.05,46,100,1.16,SS,1669854711
296,shingu,33.7333,135.9833,283.81,53,79,1.95,JP,1669854712
297,presidencia roque saenz pena,-26.7852,-60.4388,300.86,38,23,2.09,AR,1669854713
298,sur,22.5667,59.5289,295.63,58,49,0.41,OM,1669854516
299,koungou,-12.7336,45.2042,298.99,83,0,1.54,YT,1669854714
300,ola,59.5833,151.2833,268.23,83,100,8.05,RU,1669854714
301,jalu,29.0331,21.5482,286.21,42,0,1.78,LY,1669854715
302,flin flon,54.7682,-101.865,248.06,70,40,2.57,CA,1669854715
303,yamada,39.4667,141.95,276.47,54,100,0.32,JP,1669854716
304,maragogi,-9.0122,-35.2225,298.01,81,99,3.24,BR,1669854716
305,chernyshevskiy,63.0128,112.4714,241.06,97,96,1.9,RU,1669854717
306,bela,25.9333,81.9833,287.93,60,0,1.96,IN,1669854717
307,salina cruz,16.1667,-95.2,301.52,67,26,2.68,MX,1669854536
308,pevek,69.7008,170.3133,259.85,89,100,2.47,RU,1669854718
309,cap malheureux,-19.9842,57.6142,295.63,75,59,1.34,MU,1669854669
310,teknaf,20.8624,92.3058,297.14,81,8,2.35,BD,1669854718
311,chardara,41.2547,67.9692,274.2,64,12,1.93,KZ,1669854719
312,sisimiut,66.9395,-53.6735,264.14,82,100,12.27,GL,1669854719
313,majholi,23.5,79.9167,285.72,71,100,1.47,IN,1669854720
314,maniitsoq,65.4167,-52.9,266.64,74,97,15.1,GL,1669854721
315,prince albert,53.2001,-105.7677,252.12,65,100,5.14,CA,1669854721
316,baruun-urt,46.6806,113.2792,251.03,75,1,5.78,MN,1669854722
317,gberia fotombu,9.8833,-11.1667,294.93,80,33,2.05,SL,1669854723
318,monterey,36.2505,-121.2516,284.36,66,26,0.6,US,1669854633
319,san isidro,-12.1167,-77.05,293.92,68,0,6.69,PE,1669854724
320,gizo,-8.103,156.8419,301.58,73,100,1.62,SB,1669854725
321,klyuchi,52.2667,79.1667,251.9,86,34,3.79,RU,1669854725
322,bolitoc,15.7395,119.8769,303.14,58,24,2.24,PH,1669854726
323,kautokeino,69.0125,23.0412,268.6,97,100,1.95,NO,1669854727
324,merauke,-8.4667,140.3333,302.14,72,93,5.42,ID,1669854727
325,arlit,18.7369,7.3853,293.02,24,9,2.67,NE,1669854728
326,rocha,-34.4833,-54.3333,292.99,92,1,5.58,UY,1669854729
327,pangnirtung,66.1451,-65.7125,243.99,83,6,2.01,CA,1669854729
328,yurga,55.7231,84.8861,246.11,99,11,1.26,RU,1669854730
329,necochea,-38.5473,-58.7368,287.57,87,100,6.39,AR,1669854608
330,kavieng,-2.5744,150.7967,302.48,66,100,1.3,PG,1669854730
331,ushi,40.3487,44.3725,275.54,87,100,0.44,AM,1669854732
332,san francisco,37.7749,-122.4194,287.37,68,75,5.14,US,1669854454
333,kalbay,5.7233,125.4986,300.14,80,100,3.23,PH,1669854733
334,fort nelson,58.8053,-122.7002,243.92,76,0,1.54,CA,1669854734
335,arona,28.0996,-16.681,290.44,72,75,5.14,ES,1669854734
336,angelopolis,34.0522,-118.2437,289.68,71,100,4.63,US,1669854579
337,tandil,-37.3217,-59.1332,286.86,97,100,4.9,AR,1669854602
338,olafsvik,64.8945,-23.7142,279.59,80,44,15.02,IS,1669854736
339,kualakapuas,-3.0091,114.3876,299.82,87,92,1.1,ID,1669854736
340,chenzhou,25.8,113.0333,273.04,95,100,2.74,CN,1669854737
341,mentakab,3.4865,102.3516,297.01,99,100,0.69,MY,1669854738
342,constancia,24.2231,-107.1869,294.88,58,99,4.25,MX,1669854738
343,bosaso,11.2842,49.1816,297.33,82,6,1.1,SO,1669854739
344,green river,41.5286,-109.4662,271.37,79,10,2.25,US,1669854739
345,lewiston,44.1003,-70.2148,285.96,96,100,8.75,US,1669854442
346,tahoua,14.8888,5.2692,296.14,27,0,1.03,NE,1669854740
347,lima,-12.0432,-77.0282,293.29,68,0,6.69,PE,1669854741
348,cockburn town,21.4612,-71.1419,300.41,69,41,8.36,TC,1669854741
349,kaihua,23.3687,104.28,289.03,95,90,3.16,CN,1669854742
350,jibuti,11.5,42.5,293.01,81,9,3.91,DJ,1669854742
351,saint-francois,46.4154,3.9054,278.53,93,100,1.54,FR,1669854666
352,cayenne,4.9333,-52.3333,298.17,94,100,0.0,GF,1669854605
353,wanaka,-44.7,169.15,289.88,56,70,1.34,NZ,1669854744
354,soto la marina,23.7667,-98.2167,289.94,87,100,6.06,MX,1669854745
355,eureka,40.8021,-124.1637,284.49,87,100,3.13,US,1669854626
356,bafoulabe,13.8065,-10.8321,301.63,17,98,1.44,ML,1669854745
357,santa marta,11.2408,-74.199,301.18,73,20,6.71,CO,1669854492
358,aklavik,68.2191,-135.0107,256.15,85,100,2.06,CA,1669854597
359,razvilnoye,46.2387,41.2987,271.42,67,55,9.53,RU,1669854746
360,sale,34.0389,-6.8166,285.23,100,75,0.0,MA,1669854747
361,port lincoln,-34.7333,135.8667,291.02,65,4,5.35,AU,1669854748
362,bohuslav,49.5494,30.8744,270.9,72,83,2.96,UA,1669854721
363,nuuk,64.1835,-51.7216,268.08,92,100,13.86,GL,1669854749
364,saint-pierre,-21.3393,55.4781,295.97,64,20,2.57,RE,1669854750
365,agucadoura,41.4318,-8.7804,285.46,80,100,3.25,PT,1669854750
366,tazovskiy,67.4667,78.7,253.13,99,100,3.6,RU,1669854751
367,bam,29.106,58.357,286.19,35,100,0.57,IR,1669854752
368,tautira,-17.7333,-149.15,299.07,81,20,5.75,PF,1669854692
369,isangel,-19.55,169.2667,305.21,74,40,1.54,VU,1669854753
370,dunda,-8.1167,34.25,293.62,79,100,0.57,TZ,1669854754
371,umm lajj,25.0213,37.2685,296.96,49,78,4.44,SA,1669854754
372,ouro branco,-20.5208,-43.6919,290.63,94,100,0.44,BR,1669854754
373,huangnihe,43.5583,128.0239,256.56,75,100,7.22,CN,1669854755
374,kachug,53.9606,105.8817,255.78,92,100,3.72,RU,1669854756
375,desaguadero,-16.5656,-69.0417,284.05,23,0,5.04,PE,1669854757
376,axim,4.8699,-2.2405,299.04,83,87,2.33,GH,1669854520
377,bonavista,48.6499,-53.1147,271.01,72,5,5.03,CA,1669854757
378,ilulissat,69.2167,-51.1,268.16,80,100,12.35,GL,1669854549
379,kalaleh,37.3807,55.4916,282.93,81,75,0.0,IR,1669854758
380,hong gai,20.956,107.0946,291.11,88,100,3.57,VN,1669854759
381,la rioja,42.25,-2.5,271.03,88,18,1.32,ES,1669854742
382,burnie,-41.0667,145.9167,290.34,44,0,2.4,AU,1669854760
383,kushmurun,52.4503,64.6311,258.03,89,97,4.32,KZ,1669854760
384,darhan,49.4867,105.9228,250.5,86,9,3.13,MN,1669854761
385,kant,27.8,79.8,288.32,61,0,2.06,IN,1669854761
386,notre-dame-de-gravenchon,49.4894,0.5719,277.99,92,7,1.89,FR,1669854762
387,halifax,44.6453,-63.5724,282.71,88,100,12.86,CA,1669854589
388,khewra,32.6479,73.0106,288.03,32,17,1.87,PK,1669854763
389,udachnyy,66.4167,112.4,245.62,75,100,9.78,RU,1669854763
390,novobessergenevka,47.1847,38.8462,273.04,49,36,10.94,RU,1669854764
391,porto novo,6.4965,2.6036,301.05,81,69,2.04,BJ,1669854765
392,kanchanaburi,14.6333,99.1,297.78,90,98,0.91,TH,1669854765
393,kahului,20.8947,-156.47,302.02,76,40,5.66,US,1669854766
394,tastur,36.5513,9.4431,284.23,82,8,2.1,TN,1669854768
395,panama city,8.9936,-79.5197,299.47,83,40,1.54,PA,1669854712
396,kodiak,57.79,-152.4072,269.88,63,0,1.54,US,1669854769
397,sioux lookout,50.1001,-91.917,263.19,79,100,9.26,CA,1669854769
398,monrovia,6.3005,-10.7969,298.84,84,88,1.77,LR,1669854770
399,klaksvik,62.2266,-6.589,282.66,97,100,13.59,FO,1669854771
400,pacific grove,36.6177,-121.9166,286.21,69,0,2.06,US,1669854771
401,el maranon,15.4,-88.05,298.7,78,75,4.12,HN,1669854772
402,craig,40.5153,-107.5464,271.94,73,0,2.06,US,1669854517
403,singkawang,0.9,109.0,298.96,86,100,1.3,ID,1669854772
404,mehamn,71.0357,27.8492,273.12,86,75,3.6,NO,1669854773
405,beipiao,41.7919,120.7792,263.03,28,0,5.82,CN,1669854773
406,ballina,-28.8667,153.5667,289.27,99,100,7.49,AU,1669854774
407,ponta delgada,37.7333,-25.6667,288.98,88,20,2.06,PT,1669854774
408,deputatskiy,69.3,139.9,247.51,99,100,1.72,RU,1669854775
409,belyy yar,53.6039,91.3903,245.29,72,20,1.0,RU,1669854775
410,quarai,-30.3875,-56.4514,300.14,41,81,3.8,BR,1669854776
411,castro-urdiales,43.3829,-3.2204,285.36,89,30,3.44,ES,1669854777
412,shimoda,34.6667,138.95,287.35,88,100,5.97,JP,1669854777
413,rabo de peixe,37.8,-25.5833,288.3,97,20,2.06,PT,1669854778
414,sola,-13.8833,167.55,302.52,79,75,4.12,VU,1669854778
415,maningrida,-12.0667,134.2667,304.58,39,99,2.53,AU,1669854779
416,sardarshahr,28.4333,74.4833,287.49,35,0,1.52,IN,1669854779
417,nokaneng,-19.6667,22.2667,296.2,31,0,2.73,BW,1669854780
418,cairns,-16.9167,145.7667,300.41,86,75,2.57,AU,1669854689
419,akom,2.6678,12.7109,292.77,98,100,0.92,CM,1669854781
420,kenai,60.5544,-151.2583,262.67,88,75,2.06,US,1669854781
421,sukhumi,43.0033,41.0153,284.07,60,20,1.86,GE,1669854781
422,kerema,-7.9631,145.7785,299.93,84,100,2.96,PG,1669854782
423,oxford,51.7522,-1.256,276.55,93,42,1.15,GB,1669854541
424,yerbogachen,61.2767,108.0108,250.88,97,100,2.8,RU,1669854783
425,dakar,14.6937,-17.4441,300.22,54,0,5.14,SN,1669854784
426,henties bay,-22.116,14.2845,288.84,89,8,3.12,NA,1669854785
427,port macquarie,-31.4333,152.9167,292.94,64,100,4.22,AU,1669854520
428,alice springs,-23.7,133.8833,298.9,21,0,5.66,AU,1669854786
429,sao jose da coroa grande,-8.8978,-35.1478,298.13,82,99,3.5,BR,1669854787
430,beira,-19.8436,34.8389,294.77,75,1,3.55,MZ,1669854787
431,laguna,38.421,-121.4238,288.1,51,0,3.6,US,1669854745
432,kilindoni,-7.9139,39.6668,299.25,82,100,4.71,TZ,1669854788
433,hambantota,6.1241,81.1185,296.34,100,20,1.03,LK,1669854789
434,conceicao do araguaia,-8.2578,-49.2647,295.22,95,62,1.7,BR,1669854789
435,kencong,-8.2833,113.3667,299.65,79,98,1.98,ID,1669854790
436,gat,31.61,34.7642,288.37,61,0,1.38,IL,1669854790
437,valle hermoso,25.6667,-97.8333,290.09,72,100,6.9,MX,1669854507
438,te anau,-45.4167,167.7167,289.76,46,15,2.23,NZ,1669854791
439,port hardy,50.6996,-127.4199,273.25,74,75,7.72,CA,1669854792
440,san quintin,30.4833,-115.95,287.51,72,0,4.79,MX,1669854792
441,lorengau,-2.0226,147.2712,302.25,71,96,2.88,PG,1669854793
442,lebork,54.5392,17.7501,275.33,91,100,2.2,PL,1669854794
443,port blair,11.6667,92.75,301.17,83,40,1.54,IN,1669854795
444,le havre,49.4938,0.1077,275.66,100,100,3.09,FR,1669854796
445,karratha,-20.7377,116.8463,305.23,34,1,4.0,AU,1669854797
446,buckeye,33.3703,-112.5838,294.31,37,0,0.0,US,1669854797
447,jiuquan,39.7432,98.5174,260.82,78,100,0.87,CN,1669854798
448,lebanon,36.2081,-86.2911,279.18,71,20,0.0,US,1669854799
449,sabha,27.0377,14.4283,283.52,35,0,1.72,LY,1669854799
450,bauchi,10.5,10.0,290.36,28,7,2.33,NG,1669854800
451,mandalgovi,45.7625,106.2708,253.29,57,0,3.29,MN,1669854800
452,abrau-dyurso,44.69,37.59,275.85,74,99,3.73,RU,1669854801
453,hami,42.8,93.45,261.05,22,56,0.59,CN,1669854801
454,tuy hoa,13.0833,109.3,299.14,88,90,5.07,VN,1669854802
455,boende,-0.2167,20.8667,292.62,99,100,0.25,CD,1669854803
456,nouadhibou,20.931,-17.0347,291.22,75,4,7.25,MR,1669854803
457,haines junction,60.7522,-137.5108,253.94,91,99,0.48,CA,1669854769
458,roma,43.2128,-75.4557,277.25,73,100,7.2,US,1669854689
459,port washington,40.8257,-73.6982,285.71,70,100,8.23,US,1669854779
460,sinnamary,5.3833,-52.95,297.96,88,100,4.03,GF,1669854685
461,atasu,48.6814,71.6433,263.12,96,100,1.76,KZ,1669854805
462,saint-joseph,-21.3667,55.6167,295.36,78,24,3.18,RE,1669854805
463,lithakia,37.7167,20.8333,284.8,77,94,6.11,GR,1669854806
464,aleksandrov gay,50.147,48.5704,267.12,71,0,2.85,RU,1669854807
465,srednekolymsk,67.45,153.6833,248.64,98,100,2.09,RU,1669854807
466,brooks,50.5834,-111.8851,260.14,85,100,1.54,CA,1669854808
467,tumbagaan,5.3656,120.3139,301.23,73,90,3.71,PH,1669854808
468,yulara,-25.2406,130.9889,301.7,15,0,4.38,AU,1669854809
469,broken hill,-31.95,141.4333,296.27,32,44,7.49,AU,1669854787
470,mombetsu,44.3525,143.3525,268.16,80,75,2.57,JP,1669854810
471,ulladulla,-35.35,150.4667,291.66,66,82,2.56,AU,1669854811
472,faya,18.3851,42.4509,284.21,79,80,0.76,SA,1669854811
473,meix-devant-virton,49.6167,5.4833,279.05,77,100,2.52,BE,1669854812
474,fort frances,48.5999,-93.4003,263.27,77,100,6.17,CA,1669854813
475,sao luis do quitunde,-9.3183,-35.5611,297.84,82,100,2.99,BR,1669854813
476,ostrovnoy,68.0531,39.5131,268.46,89,100,3.02,RU,1669854814
477,mwene-ditu,-7.0,23.45,291.36,99,100,1.59,CD,1669854814
478,malindi,-3.2175,40.1191,297.98,87,44,1.81,KE,1669854815
479,el prat de llobregat,41.3278,2.0947,285.78,86,40,3.6,ES,1669854815
480,bucerias,20.75,-105.3333,298.14,78,40,2.57,MX,1669854816
481,salalah,17.0151,54.0924,296.2,73,0,2.06,OM,1669854816
482,kirakira,-10.4544,161.9205,301.82,76,75,2.28,SB,1669854817
483,whyalla,-33.0333,137.5833,294.23,49,0,4.28,AU,1669854675
484,canita,9.2097,-78.8811,296.16,95,43,0.35,PA,1669854817
485,eenhana,-17.4667,16.3333,297.37,42,75,1.83,NA,1669854818
486,nurota,40.5614,65.6886,272.2,69,100,1.61,UZ,1669854818
487,gejiu,23.306,103.1635,285.45,92,84,2.47,CN,1669854819
488,okhotsk,59.3833,143.3,254.15,98,100,5.81,RU,1669854819
489,egvekinot,66.3167,-179.1667,261.57,92,100,0.31,RU,1669854820
490,fukue,32.6881,128.8419,280.35,57,75,6.17,JP,1669854820
491,ondangwa,-17.9167,15.95,299.8,26,60,4.7,NA,1669854821
492,abu dhabi,24.4667,54.3667,296.46,80,100,0.45,AE,1669854821
493,havelock,34.8791,-76.9013,292.14,91,0,3.6,US,1669854822
494,touros,-5.1989,-35.4608,299.34,68,100,4.83,BR,1669854436
495,jiaonan,35.8786,119.9753,270.7,29,3,4.97,CN,1669854823
496,totness,5.8833,-56.3167,297.95,86,15,3.85,SR,1669854823
497,tiarei,-17.5333,-149.3333,303.16,81,6,6.3,PF,1669854824
498,luena,-11.7833,19.9167,288.86,97,100,1.31,AO,1669854824
499,sao filipe,14.8961,-24.4956,297.28,65,100,3.69,CV,1669854825
500,kuloy,61.0305,42.4925,258.29,97,85,0.72,RU,1669854825
501,teofilo otoni,-17.8575,-41.5053,294.96,96,100,0.95,BR,1669854826
502,monkey bay,-14.0728,34.9201,296.1,81,97,6.81,MW,1669854826
503,namibe,-15.1961,12.1522,293.69,79,100,3.84,AO,1669854826
504,port moresby,-9.4431,147.1797,303.83,62,40,5.14,PG,1669854827
505,katsuura,35.1333,140.3,286.73,83,100,7.69,JP,1669854828
506,tadine,-21.55,167.8833,302.05,68,72,4.27,NC,1669854828
507,nha trang,12.25,109.1833,301.15,87,92,2.95,VN,1669854829
508,samarinda,-0.5,117.15,298.7,87,100,1.17,ID,1669854829
509,comodoro rivadavia,-45.8667,-67.5,288.07,58,0,6.17,AR,1669854628
510,razdolinsk,58.4211,94.6658,252.36,96,100,2.81,RU,1669854830
511,qui nhon,13.7667,109.2333,299.14,85,79,5.52,VN,1669854685
512,coquimbo,-29.9533,-71.3436,291.0,77,75,4.12,CL,1669854831
513,tres arroyos,-38.3739,-60.2798,285.79,88,100,3.79,AR,1669854832
514,lakatoro,-16.0999,167.4164,302.86,70,100,4.85,VU,1669854832
515,marsh harbour,26.5412,-77.0636,298.65,75,14,4.28,BS,1669854808
516,aviles,43.5547,-5.9248,286.35,76,100,4.63,ES,1669854661
517,tilichiki,60.4667,166.1,273.04,98,100,14.02,RU,1669854797
518,lavrentiya,65.5833,-171.0,266.54,91,90,3.12,RU,1669854766
519,vanimo,-2.6741,141.3028,300.4,85,100,1.64,PG,1669854768
520,kanniyakumari,8.0833,77.5667,298.23,72,100,5.63,IN,1669854834
521,walvis bay,-22.9575,14.5053,289.68,82,70,4.12,NA,1669854795
522,le portel,50.7056,1.5757,276.47,84,27,1.96,FR,1669854835
523,ishigaki,24.3448,124.1572,294.22,94,75,10.29,JP,1669854836
524,iquitos,-3.7481,-73.2472,301.17,74,0,1.03,PE,1669854836
525,namatanai,-3.6667,152.4333,303.38,63,77,2.15,PG,1669854837
526,businga,3.3333,20.8833,293.23,98,100,0.58,CD,1669854837
527,shenjiamen,29.9576,122.298,282.55,86,100,8.34,CN,1669854838
528,cuiluan,47.72,128.648,251.14,81,25,5.04,CN,1669854838
529,kucove,40.8003,19.9167,283.1,78,100,2.85,AL,1669854839
530,sakakah,29.9697,40.2064,283.91,68,0,1.33,SA,1669854839
531,sabang,5.8933,95.3214,300.06,73,100,0.96,ID,1669854840
532,taltal,-25.4,-70.4833,291.57,79,0,2.17,CL,1669854621
533,komsomolskiy,40.4272,71.7189,283.55,62,40,9.26,UZ,1669854841
534,launceston,-41.45,147.1667,292.38,53,75,4.63,AU,1669854551
535,nisia floresta,-6.0911,-35.2086,300.6,73,100,2.68,BR,1669854841
536,acarau,-2.8856,-40.12,299.43,75,92,5.87,BR,1669854736
537,depalpur,22.85,75.55,287.37,56,0,2.97,IN,1669854842
538,atar,20.5169,-13.0499,293.8,17,5,2.99,MR,1669854844
539,murzzuschlag,47.6,15.6833,276.42,98,100,1.2,AT,1669854844
540,mount gambier,-37.8333,140.7667,291.74,59,73,3.8,AU,1669854845
541,mayo,38.8876,-76.5119,284.12,41,0,10.8,US,1669854846
542,dawlatabad,36.4141,64.9053,280.86,81,100,2.57,AF,1669854846
543,gwadar,25.1216,62.3254,297.14,38,81,3.15,PK,1669854847
544,iqaluit,63.7506,-68.5145,244.09,68,0,6.17,CA,1669854847
545,mareeba,-17.0,145.4333,297.84,89,100,0.9,AU,1669854848
546,bose,45.4612,8.0137,279.42,81,95,0.62,IT,1669854849
547,tabas,33.5959,56.9244,285.27,37,100,1.03,IR,1669854849
548,nelson bay,-32.7167,152.15,294.87,66,100,2.24,AU,1669854786
549,maldonado,-34.6667,-54.9167,295.81,86,0,6.65,UY,1669854687
550,marzuq,14.4,46.4667,288.39,67,0,0.82,YE,1669854850
551,siguiri,11.6667,-9.5,297.0,30,8,0.94,GN,1669854851
552,stillwater,36.1156,-97.0584,277.31,59,0,1.54,US,1669854851
553,hanzhong,33.0728,107.0303,270.86,82,100,0.91,CN,1669854852
554,ossora,59.2353,163.0719,274.45,99,100,2.06,RU,1669854853
555,corumba,-19.0092,-57.6533,295.9,86,100,1.89,BR,1669854853
556,cabo san lucas,22.8909,-109.9124,298.32,69,0,4.63,MX,1669854854
557,gostyn,51.8825,17.0123,274.29,89,100,3.43,PL,1669854854
558,rio grande,-32.035,-52.0986,296.21,90,91,7.33,BR,1669854855
559,pinega,64.7001,43.3936,267.61,97,97,1.75,RU,1669854856
560,luanda,-8.8368,13.2343,297.15,88,75,2.06,AO,1669854806
561,verkhnyaya inta,65.9811,60.3094,248.81,99,30,0.99,RU,1669854857
562,baykit,61.67,96.37,255.09,97,100,1.66,RU,1669854858
563,buchanan,5.8808,-10.0467,298.72,84,100,1.57,LR,1669854860
564,basco,20.4487,121.9702,299.22,81,88,12.01,PH,1669854861
565,alizai,33.5383,70.3462,284.84,37,50,1.03,PK,1669854862
566,ormond beach,29.2858,-81.0559,293.29,87,75,1.54,US,1669854862
567,bonthe,7.5264,-12.505,299.02,82,58,2.18,SL,1669854863
568,basoko,1.2391,23.616,293.54,97,80,0.28,CD,1669854864
569,hudiksvall,61.729,17.1036,273.23,98,98,0.37,SE,1669854865
570,rantauprapat,2.1,99.8333,298.05,92,97,0.17,ID,1669854866
571,togur,58.3631,82.8265,242.14,100,6,1.4,RU,1669854866
572,kieta,-6.2167,155.6333,302.33,72,92,2.74,PG,1669854867
573,odda,60.0691,6.5457,278.58,93,40,2.12,NO,1669854868
574,copiapo,-27.3667,-70.3333,287.98,74,0,2.17,CL,1669854834
575,bastia,42.6667,9.3333,283.87,73,100,2.06,FR,1669854869
576,maceio,-9.6658,-35.7353,297.84,88,20,3.09,BR,1669854772
577,miguel hidalgo,19.4225,-99.2028,292.83,42,75,8.75,MX,1669854869
578,la paz,-16.5,-68.15,285.14,37,20,2.57,BO,1669854310
579,ust-kuyga,70.0167,135.6,251.09,97,100,4.98,RU,1669854870
580,ghanzi,-21.5667,21.7833,295.57,35,0,3.07,BW,1669854871
581,belmonte,-15.8631,-38.8828,298.01,89,100,3.28,BR,1669854871
